Título,Precio (EUR)
Don Clemente Autentica Loteria Mexican Bingo Set 20 Tablets Colorful and Educational,$7.20
The Game of Life: Super Mario Edition Board Game for Kids Ages 8 and Up\, Play Minigames\, Collect Stars\, Battle Bowser,$24.99
Twister Ultimate: Bigger Mat\, More Colored Spots\, Family\, Kids Party Game Age 6+; Compatible with Alexa (Amazon Exclusive),$21.93
PRO-SPIN All-in-One Portable Ping Pong Paddles Set | Table Tennis Set with Retractable Ping Pong Net (Up to 72" Wide) | Premium Paddles\, 3-Star Balls | Storage Case | Family Fun | Gift,$17.99
YoYa Toys Beadeez Squishy Stress Relief Balls (3 Pack) - Colorful Squeeze Stretch Balls with Water Beads - Sensory Fidget Toys for Kids and Adults - Increase Focus\, Great for ADHD\, Autism\, Anxiety,$15.99
Regal Games - Reversible Wooden Board for Chess\, Checkers & Tic-Tac-Toe - 24 Interlocking Wooden Checkers and 32 Standard Chess Pieces - for Age 8 to Adult for Family Fun,$22.99
FITZ - ¡Dios Mio! Bilingual Fun Card Game - Juegos de mesa en español - A Comedy Party Tarjeta Game NSFW - 350 Muy Graciosa Cards - Spanish Board Game - Party Games,$24.99
Elite Sportz Ring Toss Games for Kids - Outdoor Yard Game for Adults & Family - Backyard Toys\, Outdoor Games\, Yard Games\, Backyard Games\, Lawn Games\, Outdoor Toys For Kids Ages 4-8\, Outdoor Toys,$19.61
UNO Minecraft Card Game Videogame-Themed Collectors Deck 112 Cards With Character Images\, Gift For Fans Ages 7 Years Old & Up,$7.49
Anbalulu Magnetic Tiles for Kids\, Stacking Blocks\, Preschool Stem Construction Building Set 100 Pcs,$49.99
Melissa & Doug Suspend Family Game (31 pcs) - Wire Balance Game\, Family Game Night Activities\, For Kids Ages 8+,$18.99
USAOPOLY TAPPLE® Word Game | Fast-Paced Family Board Game | Choose a Category & Race Against The Timer to be The Last Player | Learning Game Great for All Ages,$16.99
IJO Double Sided Dart Board 29 inch with 12 Sticky Balls-Boys Girls Toys-Indoor/Outdoor Target Game-Party Games for 3 4 5 6 7 8 9 10 11 12 Years Old Boys Girls Childrens,$11.99
IJO 4 Pack LED Light Airplane Toys-17.5" Large Throwing Foam Plane-2 Flight Modes Glider Plane-Outdoor Flying Toys for Kids-Flying Toys Gift for Boys Girls 3 4 5 6 7 8 9 Years Old,$19.99
Wireless Retro Game Console\,Retro Game Stick\,Nostalgia Stick Game\,4K HDMI Output\,Plug and Play Video Game Stick Built in 10000+ Games\,9 Classic Emulators\, with Dual 2.4G Wireless Controllers(64G),$56.89
Classic 6 Game Collection,$15.10
Squid Toys Action Figures Building Kit\, Popular TV Building Sets\, with 6 Cute Characters\, Collectible Model\, Valentines Day Gifts for Kids or Friends (436 Pieces),$13.98
Conversar y Conocerse in Spanish - Why Don't We - 120 Cards with Questions\, Games\, Conversations & More. Fun Game for Adults and Gift for Couples.,$22.90
El Juego Perfecto (The Perfect Game) Audio English & Spanish with Spanish Subtitles,$19.99
Jenga Classic Game with Genuine Hardwood Blocks\, Stacking Tower Game for 1 or More Players\, Kids Ages 6 and Up,$12.38
Great Boy Handheld Game Console for Kids Preloaded 270 Classic Retro Games with 3.0'' Color Display and Gamepad Rechargeable Arcade Gaming Player (Blue),$32.98
Gel Ball Blaster Toy Gun Shooting Games Education Toy Model for 6\,7\,8\,9\,14+ Kids Boys Gifts,$49.99
Connect 4 Classic Grid \, 4 in a Row Game\, Strategy Board Games for Kids\, 2 Player . for Family and Kids\, Ages 6 and Up,$5.48
Classic Operation Game,$14.99
Twister Party Classic Board Game for 2 or More Players\, Indoor and Outdoor Game for Kids 6 and Up\, Packaging may vary,$17.97
Hedbanz Picture Guessing Board Game New Edition\, for Families and Kids Ages 8 and up,$13.99
MKbobean Magnetic Balls and Rods Set\, DIY Magnetic Sticks and Balls Building Set\, 3D Magnet Learning Education STEM Toys\, Toddler Kids Montessori Toys for 3+ Year Old Boys Girls Gifts (68PCS),$28.99
Bow and Arrow for Kids Archery Set 2 Pack - LED Light Up Archery Toy Bow and Arrow Set with 20 Suction Cup Arrows 2 Target & 2 Quiver\, Sports & Outdoor Play Game Toys for Kids Boys Girls Age 3-12,$26.99
Giant 4-in-a-Row Connect Game Basketball Activity Outdoor Floor Game for Kids Teenages Adults Indoor Family Fun Board Games\, Red/Grey,$99.99
Brain Teaser Puzzle Wooden Threading Rope Loop Puzzle Luban Lock Brain Teaser Game Adult Kids Toy Puzzles for Adults (4),$22.99
Regal Games - Deluxe Bingo Set - Includes Bingo Cage\, Master Board\, 18 Mixed Cards\, 75 Calling Balls\, Colorful Chips - Ideal for Large Groups\, Parties,$19.99
Hasbro Gaming Jenga Wooden Blocks Stacking Tumbling Tower Kids Game Ages 6 and Up (Amazon Exclusive),$15.18
Vango The UpsideDownChallenge Game for Family & Kids - Complete Fun Challenges with Upside Down Goggles - Hilarious Fun Game for Game Night & Parties - 2-6 Players\, Ages 8+,$19.72
DFGEE Baby Montessori Toys Dinosaur Games Toddler Sensory Fine Motor Skills Learning Educational Activities Outdoor Developmental Toys Gifts for 18 Month Age 2 3 4 One Two Year Old Boys Girls Kids,$5.99
MEIOCION Double 6 Dominoes Gift Set 28 Tiles with Spinner in Wooden Box,$26.85
YIFUHH Shooting Game Toy for Kids with 2 pcs Foam Ball Popper Air Guns Moving Shooting Target 24 Foam Balls\, Toy Blaster Gun for Indoor and Outdoor Play\, Perfect Birthday for Boys 6 7 8 9 10+,$39.98
Lotmey Magnetic Tiles Building Blocks\, 108 PCS 3D Magnetic Blocks Buliding Tiles Set\, Magnetic Building Blocks Construction Playboards with 2 Cars\, Preschool Educational Magnetic Toys for Kids 3\, 4-8,$49.99
MagHub Magnetic Tiles 65 Piece Colorful Magnetic Blocks Set with car\, Unique Clear 3D Magnetic Building Blocks for 3+ Years Old Boys and Girls\, STEM Construction Preschool Magnets for Kids Toddlers,$25.99
SEQUENCE- Original SEQUENCE Game with Folding Board\, Cards and Chips by Jax ( Packaging may Vary ) White\, 10.3" x 8.1" x 2.31",$13.99
Hungry Hungry Hippos,$19.92
UNO Card Game for Family Night\, Travel Game & Gift for Kids In a Collectible Storage Tin for 2-10 Players [Amazon Exclusive],$10.81
Lutron Pico Smart Remote Control for Caséta Smart Dimmer Switch | PJ2-3BRL-WH-L01R | White,$19.95
Retro Game Console\,HD HDMI and RCA Output Game System Built in 620 Classic Video Games and Dual 2.4G Wireless Controllers\,Plug and Play TV Games.,$49.99
JOYLDIAS Zipline Kits for Backyard\, 100FT Zip Lines for Kids with Upgraded Climbing Swing Rope and Seat\, Spring Brake\, Safety Harness Zip Line for Kids Outdoor Playground Games,$89.99
Zygomatic Spot It! Classic Card Game (Pocket Edition) | Matching Game | Fun Kids Game for Family Game Night | Travel Game | Great Kids Gift | Ages 6+ | 2-8 Players | Avg. Playtime 15 Mins | Made,$5.99
Retro Classic Game Console Wireless HDMI Output System，Built in 10000+ Classic Handheld Video Games 2.4G Wireless Controllers\, 9 Emulator Consoles,$49.99
Kids Dart Board Game Set-14 Inches Dart Board for Kids with 12 Sticky Balls - Indoor and Outdoor Activities Game for Kids- Safe Darts Board Game Gift Toy for 3 4 5 6 7 8-12 Years Old Kids Boys Girls,$8.99
Unsolved Case Files: El juego de Asesinatos sin Resolver: ¿Quién asesinó a Harmony Ashcroft? ¿Puedes Resolver el crimen?,$26.97
Yeti In My Spaghetti — Silly Children's Game — Hey\, Get Out of my Bowl — Ages 4+ — 2+ Players,$13.59
TOMY Pop Up Pirate Game - Provides Plenty of Swashbucklin' Fun on Family Game Night,$13.00
UNO - Classic Colour & Number Matching Card Game - 112 Cards - Customizable & Erasable Wild - Special Action Cards Included - Gift for Kids 7+\, W2087,$5.93
Bottleboom Shooting Game Toys for Boys Age 5 6 7 8 9 10+ Years Old\,Foam Popper Guns for 2 Player\,Electric Shooting Target & Air Blaster with 24 Foam Bullet Balls Birthday Gift for Kids Girls,$21.99
UNO Card Game (2 Pack),$9.22
Pressman Toy Pahrcheesi in Box\, Red\, 5",$9.99
Late for the Sky Mexico-opoly,$20.99
Wireless Retro Game Console\, Retro Game Stick\, Nostalgia Stick Game\, 10\,000+ Games & 9 Emulators Built in\, Plug and Play Video Games for Tv 4K HDMI\, 2.4g Wireless Controllers (64G),$45.99
Buffalo Games - Tetris,$19.69
XQW 3 in 1 Classic Board Games Set for Kids Adults and Families with 12.5" Foldable Game Board\,Magnetic Travel Board Game Set\,Including Ludo\,Snakes and Ladders Board Game\,Chinese Checkers,$19.99
Nostalgia Stick Video Game\, Wireless Retro Game Console\, Plug and Play Game Console Game Stick Support 4k 10000 Games\, HDMI Output\, Dual 2.4G Wireless Controllers (M8 64g (20000+ Games)),$33.99
Puzzles for Toddlers\, 3 Pack Wooden ABC Alphabet Number Shape Puzzles Toddler Learning Toys for Kids Boys and Girls 2-4\, Preschool Educational Toys Gift for Kids Ages 1 2 3 4 5,$18.98
